source,scene,pair_id,ref_path,dist_path,codec,resolution,mos,ci,pixel_rmse,psnr,raw_features,jld_spatial,lpips_alex
bigbuck_bunny_8bit,Animation,bigbuck_bunny_8bit_15000kbps_1080p_60.0fps_h264,data/video/avt_vqdb_uhd1/src_videos/bigbuck_bunny_8bit.mkv,data/video/avt_vqdb_uhd1/test_1/segments/bigbuck_bunny_8bit_15000kbps_1080p_60.0fps_h264.mp4,h264,1920x1080,4.20689655172414,0.281571835611333,0.8818351030349731,49.223055954505725,0.04110663756728172,0.008745365776121616,0.0003871376999692681
bigbuck_bunny_8bit,Animation,bigbuck_bunny_8bit_15000kbps_1080p_60.0fps_hevc,data/video/avt_vqdb_uhd1/src_videos/bigbuck_bunny_8bit.mkv,data/video/avt_vqdb_uhd1/test_1/segments/bigbuck_bunny_8bit_15000kbps_1080p_60.0fps_hevc.mp4,hevc,1920x1080,4.20689655172414,0.264236593560201,0.8511383533477783,49.530800392611255,0.039197180420160294,0.008387305773794651,0.00035830208071274683
bigbuck_bunny_8bit,Animation,bigbuck_bunny_8bit_15000kbps_1080p_60.0fps_vp9,data/video/avt_vqdb_uhd1/src_videos/bigbuck_bunny_8bit.mkv,data/video/avt_vqdb_uhd1/test_1/segments/bigbuck_bunny_8bit_15000kbps_1080p_60.0fps_vp9.mkv,vp9,1920x1080,4.51724137931035,0.209092509245411,0.8539723753929138,49.50192716465229,0.0402887687087059,0.008615056984126568,0.0003574335860321298
bigbuck_bunny_8bit,Animation,bigbuck_bunny_8bit_15000kbps_2160p_60.0fps_h264,data/video/avt_vqdb_uhd1/src_videos/bigbuck_bunny_8bit.mkv,data/video/avt_vqdb_uhd1/test_1/segments/bigbuck_bunny_8bit_15000kbps_2160p_60.0fps_h264.mp4,h264,3840x2160,4.58620689655172,0.206738672420707,0.9336098432540894,48.727495170203625,0.04352380707859993,0.009369931183755398,0.0004488033203718563
bigbuck_bunny_8bit,Animation,bigbuck_bunny_8bit_15000kbps_2160p_60.0fps_hevc,data/video/avt_vqdb_uhd1/src_videos/bigbuck_bunny_8bit.mkv,data/video/avt_vqdb_uhd1/test_1/segments/bigbuck_bunny_8bit_15000kbps_2160p_60.0fps_hevc.mp4,hevc,3840x2160,4.75862068965517,0.15850079244436202,0.8418750762939453,49.62585056018925,0.03878512978553772,0.008212306536734104,0.00037000382629533607
bigbuck_bunny_8bit,Animation,bigbuck_bunny_8bit_15000kbps_2160p_60.0fps_vp9,data/video/avt_vqdb_uhd1/src_videos/bigbuck_bunny_8bit.mkv,data/video/avt_vqdb_uhd1/test_1/segments/bigbuck_bunny_8bit_15000kbps_2160p_60.0fps_vp9.mkv,vp9,3840x2160,4.68965517241379,0.19704233981866198,0.8670756220817566,49.369664085438515,0.040981654077768326,0.009024135768413544,0.0004045162628851055
bigbuck_bunny_8bit,Animation,bigbuck_bunny_8bit_2000kbps_1080p_60.0fps_h264,data/video/avt_vqdb_uhd1/src_videos/bigbuck_bunny_8bit.mkv,data/video/avt_vqdb_uhd1/test_1/segments/bigbuck_bunny_8bit_2000kbps_1080p_60.0fps_h264.mp4,h264,1920x1080,3.3448275862069,0.262377930908895,1.975677728652954,42.21648152512694,0.10185689479112625,0.02337481454014778,0.0027739262829224267
bigbuck_bunny_8bit,Animation,bigbuck_bunny_8bit_2000kbps_1080p_60.0fps_hevc,data/video/avt_vqdb_uhd1/src_videos/bigbuck_bunny_8bit.mkv,data/video/avt_vqdb_uhd1/test_1/segments/bigbuck_bunny_8bit_2000kbps_1080p_60.0fps_hevc.mp4,hevc,1920x1080,3.7241379310344795,0.21524360017876892,1.771667718887329,43.16315816720128,0.08469374477863312,0.019580431282520294,0.0023500718525610864
bigbuck_bunny_8bit,Animation,bigbuck_bunny_8bit_2000kbps_1080p_60.0fps_vp9,data/video/avt_vqdb_uhd1/src_videos/bigbuck_bunny_8bit.mkv,data/video/avt_vqdb_uhd1/test_1/segments/bigbuck_bunny_8bit_2000kbps_1080p_60.0fps_vp9.mkv,vp9,1920x1080,3.75862068965517,0.231317238668459,1.678354024887085,43.63313212080427,0.0835358276963234,0.019762540236115456,0.0022080596439385167
bigbuck_bunny_8bit,Animation,bigbuck_bunny_8bit_2000kbps_720p_60.0fps_h264,data/video/avt_vqdb_uhd1/src_videos/bigbuck_bunny_8bit.mkv,data/video/avt_vqdb_uhd1/test_1/segments/bigbuck_bunny_8bit_2000kbps_720p_60.0fps_h264.mp4,h264,1280x720,3.4137931034482794,0.2483230177425161,1.7832099199295044,43.10675417982473,0.08952976018190384,0.019877111539244652,0.002141439229793226
bigbuck_bunny_8bit,Animation,bigbuck_bunny_8bit_2000kbps_720p_60.0fps_hevc,data/video/avt_vqdb_uhd1/src_videos/bigbuck_bunny_8bit.mkv,data/video/avt_vqdb_uhd1/test_1/segments/bigbuck_bunny_8bit_2000kbps_720p_60.0fps_hevc.mp4,hevc,1280x720,3.51724137931034,0.26852344613134305,1.6482995748519897,43.79008067648887,0.07871770858764648,0.01804223284125328,0.0019613449015499405
bigbuck_bunny_8bit,Animation,bigbuck_bunny_8bit_2000kbps_720p_60.0fps_vp9,data/video/avt_vqdb_uhd1/src_videos/bigbuck_bunny_8bit.mkv,data/video/avt_vqdb_uhd1/test_1/segments/bigbuck_bunny_8bit_2000kbps_720p_60.0fps_vp9.mkv,vp9,1280x720,3.51724137931034,0.301708938529713,1.6080976724624634,44.0045551417831,0.07905547320842743,0.018483031541109085,0.0019968428241554648
bigbuck_bunny_8bit,Animation,bigbuck_bunny_8bit_200kbps_360p_60.0fps_h264,data/video/avt_vqdb_uhd1/src_videos/bigbuck_bunny_8bit.mkv,data/video/avt_vqdb_uhd1/test_1/segments/bigbuck_bunny_8bit_200kbps_360p_60.0fps_h264.mp4,h264,640x360,1.51724137931034,0.209092509245411,6.333066940307617,32.098522038081974,0.3275425136089325,0.08809401094913483,0.04659061630566915
bigbuck_bunny_8bit,Animation,bigbuck_bunny_8bit_200kbps_360p_60.0fps_hevc,data/video/avt_vqdb_uhd1/src_videos/bigbuck_bunny_8bit.mkv,data/video/avt_vqdb_uhd1/test_1/segments/bigbuck_bunny_8bit_200kbps_360p_60.0fps_hevc.mp4,hevc,640x360,1.58620689655172,0.18242575871032998,6.006960391998291,32.557708241559176,0.2985822856426239,0.08295023441314697,0.04448931571096182
bigbuck_bunny_8bit,Animation,bigbuck_bunny_8bit_200kbps_360p_60.0fps_vp9,data/video/avt_vqdb_uhd1/src_videos/bigbuck_bunny_8bit.mkv,data/video/avt_vqdb_uhd1/test_1/segments/bigbuck_bunny_8bit_200kbps_360p_60.0fps_vp9.mkv,vp9,640x360,1.48275862068966,0.209092509245411,5.805055618286133,32.85467590720776,0.29393982887268066,0.08130744099617004,0.044407280161976814
bigbuck_bunny_8bit,Animation,bigbuck_bunny_8bit_40000kbps_2160p_60.0fps_h264,data/video/avt_vqdb_uhd1/src_videos/bigbuck_bunny_8bit.mkv,data/video/avt_vqdb_uhd1/test_1/segments/bigbuck_bunny_8bit_40000kbps_2160p_60.0fps_h264.mp4,h264,3840x2160,4.86206896551724,0.127723578367887,0.7107734680175781,51.09617944966657,0.03283612057566643,0.0067929779179394245,0.00023249417912059775
bigbuck_bunny_8bit,Animation,bigbuck_bunny_8bit_40000kbps_2160p_60.0fps_hevc,data/video/avt_vqdb_uhd1/src_videos/bigbuck_bunny_8bit.mkv,data/video/avt_vqdb_uhd1/test_1/segments/bigbuck_bunny_8bit_40000kbps_2160p_60.0fps_hevc.mp4,hevc,3840x2160,4.82758620689655,0.13991416999474202,0.6492854952812195,51.882089587561246,0.030161986127495766,0.006229114253073931,0.00020324343859101646
bigbuck_bunny_8bit,Animation,bigbuck_bunny_8bit_40000kbps_2160p_60.0fps_vp9,data/video/avt_vqdb_uhd1/src_videos/bigbuck_bunny_8bit.mkv,data/video/avt_vqdb_uhd1/test_1/segments/bigbuck_bunny_8bit_40000kbps_2160p_60.0fps_vp9.mkv,vp9,3840x2160,4.75862068965517,0.15850079244436202,0.6992117762565613,51.23862892552936,0.03278542682528496,0.006865558214485645,0.0002384469462413108
bigbuck_bunny_8bit,Animation,bigbuck_bunny_8bit_7500kbps_1080p_60.0fps_h264,data/video/avt_vqdb_uhd1/src_videos/bigbuck_bunny_8bit.mkv,data/video/avt_vqdb_uhd1/test_1/segments/bigbuck_bunny_8bit_7500kbps_1080p_60.0fps_h264.mp4,h264,1920x1080,4.2758620689655205,0.29013219805954804,1.0729949474334717,47.51885006976883,0.05109617859125137,0.011019016616046429,0.0006350155939192822
bigbuck_bunny_8bit,Animation,bigbuck_bunny_8bit_7500kbps_1080p_60.0fps_hevc,data/video/avt_vqdb_uhd1/src_videos/bigbuck_bunny_8bit.mkv,data/video/avt_vqdb_uhd1/test_1/segments/bigbuck_bunny_8bit_7500kbps_1080p_60.0fps_hevc.mp4,hevc,1920x1080,4.20689655172414,0.264236593560201,1.021583914756775,47.945322685266696,0.0471113957464695,0.010327758267521858,0.0005640565941575915
bigbuck_bunny_8bit,Animation,bigbuck_bunny_8bit_7500kbps_1080p_60.0fps_vp9,data/video/avt_vqdb_uhd1/src_videos/bigbuck_bunny_8bit.mkv,data/video/avt_vqdb_uhd1/test_1/segments/bigbuck_bunny_8bit_7500kbps_1080p_60.0fps_vp9.mkv,vp9,1920x1080,4.41379310344828,0.228478882848094,1.029266119003296,47.880250067319345,0.04892245680093765,0.010964129120111465,0.0006250714116807407
bigbuck_bunny_8bit,Animation,bigbuck_bunny_8bit_7500kbps_2160p_60.0fps_h264,data/video/avt_vqdb_uhd1/src_videos/bigbuck_bunny_8bit.mkv,data/video/avt_vqdb_uhd1/test_1/segments/bigbuck_bunny_8bit_7500kbps_2160p_60.0fps_h264.mp4,h264,3840x2160,4.48275862068965,0.209092509245411,1.2185126543045044,46.41420273447135,0.05925227329134941,0.013637242838740349,0.0009101103981568789
bigbuck_bunny_8bit,Animation,bigbuck_bunny_8bit_7500kbps_2160p_60.0fps_hevc,data/video/avt_vqdb_uhd1/src_videos/bigbuck_bunny_8bit.mkv,data/video/avt_vqdb_uhd1/test_1/segments/bigbuck_bunny_8bit_7500kbps_2160p_60.0fps_hevc.mp4,hevc,3840x2160,4.72413793103448,0.16554867849501098,1.066659688949585,47.57028595656054,0.04926646500825882,0.010729124769568443,0.0006225905841953742
bigbuck_bunny_8bit,Animation,bigbuck_bunny_8bit_7500kbps_2160p_60.0fps_vp9,data/video/avt_vqdb_uhd1/src_videos/bigbuck_bunny_8bit.mkv,data/video/avt_vqdb_uhd1/test_1/segments/bigbuck_bunny_8bit_7500kbps_2160p_60.0fps_vp9.mkv,vp9,3840x2160,4.48275862068965,0.28559860356011796,1.0621017217636108,47.60748135126456,0.05133086442947388,0.01151041965931654,0.000667143850781334
bigbuck_bunny_8bit,Animation,bigbuck_bunny_8bit_750kbps_360p_60.0fps_h264,data/video/avt_vqdb_uhd1/src_videos/bigbuck_bunny_8bit.mkv,data/video/avt_vqdb_uhd1/test_1/segments/bigbuck_bunny_8bit_750kbps_360p_60.0fps_h264.mp4,h264,640x360,2.24137931034483,0.286169230709577,2.857483148574829,39.011130050447626,0.14826206862926483,0.03354060649871826,0.007558178234224518
bigbuck_bunny_8bit,Animation,bigbuck_bunny_8bit_750kbps_360p_60.0fps_hevc,data/video/avt_vqdb_uhd1/src_videos/bigbuck_bunny_8bit.mkv,data/video/avt_vqdb_uhd1/test_1/segments/bigbuck_bunny_8bit_750kbps_360p_60.0fps_hevc.mp4,hevc,640x360,2.3448275862069,0.22342501239019602,2.719155788421631,39.44212180254398,0.13640309870243073,0.03195444867014885,0.008320280583575368
bigbuck_bunny_8bit,Animation,bigbuck_bunny_8bit_750kbps_360p_60.0fps_vp9,data/video/avt_vqdb_uhd1/src_videos/bigbuck_bunny_8bit.mkv,data/video/avt_vqdb_uhd1/test_1/segments/bigbuck_bunny_8bit_750kbps_360p_60.0fps_vp9.mkv,vp9,640x360,2.1379310344827602,0.252233857040013,2.651254415512085,39.66177551232394,0.13490982353687286,0.03210734948515892,0.007954772522983452
bigbuck_bunny_8bit,Animation,bigbuck_bunny_8bit_750kbps_720p_60.0fps_h264,data/video/avt_vqdb_uhd1/src_videos/bigbuck_bunny_8bit.mkv,data/video/avt_vqdb_uhd1/test_1/segments/bigbuck_bunny_8bit_750kbps_720p_60.0fps_h264.mp4,h264,1280x720,2.79310344827586,0.22560482022737305,3.215122699737549,37.98685257481416,0.16858850419521332,0.040729060769081116,0.009007943561300635
bigbuck_bunny_8bit,Animation,bigbuck_bunny_8bit_750kbps_720p_60.0fps_hevc,data/video/avt_vqdb_uhd1/src_videos/bigbuck_bunny_8bit.mkv,data/video/avt_vqdb_uhd1/test_1/segments/bigbuck_bunny_8bit_750kbps_720p_60.0fps_hevc.mp4,hevc,1280x720,2.8275862068965503,0.258620535015109,2.9091832637786865,38.85538199954495,0.14324088394641876,0.034922800958156586,0.007518443667019407
bigbuck_bunny_8bit,Animation,bigbuck_bunny_8bit_750kbps_720p_60.0fps_vp9,data/video/avt_vqdb_uhd1/src_videos/bigbuck_bunny_8bit.mkv,data/video/avt_vqdb_uhd1/test_1/segments/bigbuck_bunny_8bit_750kbps_720p_60.0fps_vp9.mkv,vp9,1280x720,2.79310344827586,0.2456812083637289,2.754023313522339,39.331451361639,0.14035938680171967,0.03506733477115631,0.007625087630003691
cutting_orange_tuil,Cutting orange,cutting_orange_tuil_15000kbps_1080p_59.94fps_h264,data/video/avt_vqdb_uhd1/src_videos/cutting_orange_tuil.mkv,data/video/avt_vqdb_uhd1/test_1/segments/cutting_orange_tuil_15000kbps_1080p_59.94fps_h264.mp4,h264,1920x1080,4.2758620689655205,0.21524360017876892,1.421929955482483,45.073239538704,0.07883807271718979,0.024380091577768326,0.0036494393522540727
cutting_orange_tuil,Cutting orange,cutting_orange_tuil_15000kbps_1080p_59.94fps_hevc,data/video/avt_vqdb_uhd1/src_videos/cutting_orange_tuil.mkv,data/video/avt_vqdb_uhd1/test_1/segments/cutting_orange_tuil_15000kbps_1080p_59.94fps_hevc.mp4,hevc,1920x1080,4.13793103448276,0.21142014135556692,1.4421098232269287,44.95083690579211,0.07445117831230164,0.02426578663289547,0.003757338757471492
cutting_orange_tuil,Cutting orange,cutting_orange_tuil_15000kbps_1080p_59.94fps_vp9,data/video/avt_vqdb_uhd1/src_videos/cutting_orange_tuil.mkv,data/video/avt_vqdb_uhd1/test_1/segments/cutting_orange_tuil_15000kbps_1080p_59.94fps_vp9.mkv,vp9,1920x1080,4.06896551724138,0.273936557193541,1.411191463470459,45.139084795142004,0.07493574917316437,0.025614207610487938,0.0040402694915731745
cutting_orange_tuil,Cutting orange,cutting_orange_tuil_15000kbps_2160p_59.94fps_h264,data/video/avt_vqdb_uhd1/src_videos/cutting_orange_tuil.mkv,data/video/avt_vqdb_uhd1/test_1/segments/cutting_orange_tuil_15000kbps_2160p_59.94fps_h264.mp4,h264,3840x2160,4.20689655172414,0.281571835611333,1.3060306310653687,45.81173635249122,0.08134473860263824,0.02307276986539364,0.0029273668866759786
cutting_orange_tuil,Cutting orange,cutting_orange_tuil_15000kbps_2160p_59.94fps_hevc,data/video/avt_vqdb_uhd1/src_videos/cutting_orange_tuil.mkv,data/video/avt_vqdb_uhd1/test_1/segments/cutting_orange_tuil_15000kbps_2160p_59.94fps_hevc.mp4,hevc,3840x2160,4.37931034482759,0.282150606696065,1.3045322895050049,45.82170694600572,0.07629618048667908,0.02266869507730007,0.0031319260015152395
cutting_orange_tuil,Cutting orange,cutting_orange_tuil_15000kbps_2160p_59.94fps_vp9,data/video/avt_vqdb_uhd1/src_videos/cutting_orange_tuil.mkv,data/video/avt_vqdb_uhd1/test_1/segments/cutting_orange_tuil_15000kbps_2160p_59.94fps_vp9.mkv,vp9,3840x2160,4.31034482758621,0.276898119556923,1.2481225728988647,46.2056588549619,0.0760471373796463,0.022502711042761803,0.0029509096639230847
cutting_orange_tuil,Cutting orange,cutting_orange_tuil_2000kbps_1080p_59.94fps_h264,data/video/avt_vqdb_uhd1/src_videos/cutting_orange_tuil.mkv,data/video/avt_vqdb_uhd1/test_1/segments/cutting_orange_tuil_2000kbps_1080p_59.94fps_h264.mp4,h264,1920x1080,3.31034482758621,0.33840723034106,1.8481800556182861,42.79591802259665,0.11439406871795654,0.03596895560622215,0.00832465118340527
cutting_orange_tuil,Cutting orange,cutting_orange_tuil_2000kbps_1080p_59.94fps_hevc,data/video/avt_vqdb_uhd1/src_videos/cutting_orange_tuil.mkv,data/video/avt_vqdb_uhd1/test_1/segments/cutting_orange_tuil_2000kbps_1080p_59.94fps_hevc.mp4,hevc,1920x1080,3.79310344827586,0.32812781398297497,1.6889715194702148,43.57835708311107,0.09649516642093658,0.030537210404872894,0.006003161698269348
cutting_orange_tuil,Cutting orange,cutting_orange_tuil_2000kbps_1080p_59.94fps_vp9,data/video/avt_vqdb_uhd1/src_videos/cutting_orange_tuil.mkv,data/video/avt_vqdb_uhd1/test_1/segments/cutting_orange_tuil_2000kbps_1080p_59.94fps_vp9.mkv,vp9,1920x1080,3.62068965517241,0.342718324272141,1.6335424184799194,43.86819528151551,0.09392988681793213,0.03206152468919754,0.007333620761831601
cutting_orange_tuil,Cutting orange,cutting_orange_tuil_2000kbps_720p_59.94fps_h264,data/video/avt_vqdb_uhd1/src_videos/cutting_orange_tuil.mkv,data/video/avt_vqdb_uhd1/test_1/segments/cutting_orange_tuil_2000kbps_720p_59.94fps_h264.mp4,h264,1280x720,3.44827586206897,0.301167756141497,1.643194317817688,43.81702511945597,0.1053956151008606,0.03192402049899101,0.0074022709935282665
cutting_orange_tuil,Cutting orange,cutting_orange_tuil_2000kbps_720p_59.94fps_hevc,data/video/avt_vqdb_uhd1/src_videos/cutting_orange_tuil.mkv,data/video/avt_vqdb_uhd1/test_1/segments/cutting_orange_tuil_2000kbps_720p_59.94fps_hevc.mp4,hevc,1280x720,3.68965517241379,0.276898119556923,1.5210564136505127,44.48789717531434,0.09378192573785782,0.028447650372982025,0.005101445189211518
cutting_orange_tuil,Cutting orange,cutting_orange_tuil_2000kbps_720p_59.94fps_vp9,data/video/avt_vqdb_uhd1/src_videos/cutting_orange_tuil.mkv,data/video/avt_vqdb_uhd1/test_1/segments/cutting_orange_tuil_2000kbps_720p_59.94fps_vp9.mkv,vp9,1280x720,3.7241379310344795,0.321092097095737,1.4335944652557373,45.00227729626805,0.08857300877571106,0.029011856764554977,0.005736608504472922
cutting_orange_tuil,Cutting orange,cutting_orange_tuil_200kbps_360p_59.94fps_h264,data/video/avt_vqdb_uhd1/src_videos/cutting_orange_tuil.mkv,data/video/avt_vqdb_uhd1/test_1/segments/cutting_orange_tuil_200kbps_360p_59.94fps_h264.mp4,h264,640x360,1.72413793103448,0.273340394229664,3.6370303630828857,36.91586507472093,0.23330092430114746,0.07607254385948181,0.06172390189021826
cutting_orange_tuil,Cutting orange,cutting_orange_tuil_200kbps_360p_59.94fps_hevc,data/video/avt_vqdb_uhd1/src_videos/cutting_orange_tuil.mkv,data/video/avt_vqdb_uhd1/test_1/segments/cutting_orange_tuil_200kbps_360p_59.94fps_hevc.mp4,hevc,640x360,1.44827586206897,0.20831085226920001,4.348913669586182,35.36318787751299,0.26343491673469543,0.09270688891410828,0.08228852972388268
cutting_orange_tuil,Cutting orange,cutting_orange_tuil_200kbps_360p_59.94fps_vp9,data/video/avt_vqdb_uhd1/src_videos/cutting_orange_tuil.mkv,data/video/avt_vqdb_uhd1/test_1/segments/cutting_orange_tuil_200kbps_360p_59.94fps_vp9.mkv,vp9,640x360,2.03448275862069,0.28330460172365995,2.8740999698638916,38.96076620602631,0.1810668408870697,0.05974886566400528,0.04064549024527272
cutting_orange_tuil,Cutting orange,cutting_orange_tuil_40000kbps_2160p_59.94fps_h264,data/video/avt_vqdb_uhd1/src_videos/cutting_orange_tuil.mkv,data/video/avt_vqdb_uhd1/test_1/segments/cutting_orange_tuil_40000kbps_2160p_59.94fps_h264.mp4,h264,3840x2160,4.37931034482759,0.298447124449532,1.1695023775100708,46.77078142799961,0.07092250138521194,0.019243458285927773,0.002375969575950876
cutting_orange_tuil,Cutting orange,cutting_orange_tuil_40000kbps_2160p_59.94fps_hevc,data/video/avt_vqdb_uhd1/src_videos/cutting_orange_tuil.mkv,data/video/avt_vqdb_uhd1/test_1/segments/cutting_orange_tuil_40000kbps_2160p_59.94fps_hevc.mp4,hevc,3840x2160,4.51724137931035,0.209092509245411,1.2410557270050049,46.25497794828726,0.07211590558290482,0.021179746836423874,0.002867857227101922
cutting_orange_tuil,Cutting orange,cutting_orange_tuil_40000kbps_2160p_59.94fps_vp9,data/video/avt_vqdb_uhd1/src_videos/cutting_orange_tuil.mkv,data/video/avt_vqdb_uhd1/test_1/segments/cutting_orange_tuil_40000kbps_2160p_59.94fps_vp9.mkv,vp9,3840x2160,4.48275862068965,0.209092509245411,1.159613847732544,46.84453575032308,0.06919819116592407,0.019904332235455513,0.00221727845685867
cutting_orange_tuil,Cutting orange,cutting_orange_tuil_7500kbps_1080p_59.94fps_h264,data/video/avt_vqdb_uhd1/src_videos/cutting_orange_tuil.mkv,data/video/avt_vqdb_uhd1/test_1/segments/cutting_orange_tuil_7500kbps_1080p_59.94fps_h264.mp4,h264,1920x1080,3.96551724137931,0.26608227322496497,1.4849542379379272,44.696542205880725,0.08362799882888794,0.0260006133466959,0.004075483011547476
cutting_orange_tuil,Cutting orange,cutting_orange_tuil_7500kbps_1080p_59.94fps_hevc,data/video/avt_vqdb_uhd1/src_videos/cutting_orange_tuil.mkv,data/video/avt_vqdb_uhd1/test_1/segments/cutting_orange_tuil_7500kbps_1080p_59.94fps_hevc.mp4,hevc,1920x1080,4.103448275862069,0.245016305362807,1.48208487033844,44.713342131436406,0.07808785140514374,0.0252199899405241,0.004048918936556826
cutting_orange_tuil,Cutting orange,cutting_orange_tuil_7500kbps_1080p_59.94fps_vp9,data/video/avt_vqdb_uhd1/src_videos/cutting_orange_tuil.mkv,data/video/avt_vqdb_uhd1/test_1/segments/cutting_orange_tuil_7500kbps_1080p_59.94fps_vp9.mkv,vp9,1920x1080,4.06896551724138,0.290693925977628,1.4392127990722656,44.968303357046736,0.07871813327074051,0.027344487607479095,0.004570112389046699
cutting_orange_tuil,Cutting orange,cutting_orange_tuil_7500kbps_2160p_59.94fps_h264,data/video/avt_vqdb_uhd1/src_videos/cutting_orange_tuil.mkv,data/video/avt_vqdb_uhd1/test_1/segments/cutting_orange_tuil_7500kbps_2160p_59.94fps_h264.mp4,h264,3840x2160,4.20689655172414,0.313378590647174,1.4581915140151978,44.85451227831427,0.09367235749959946,0.028060823678970337,0.004787382737655814
cutting_orange_tuil,Cutting orange,cutting_orange_tuil_7500kbps_2160p_59.94fps_hevc,data/video/avt_vqdb_uhd1/src_videos/cutting_orange_tuil.mkv,data/video/avt_vqdb_uhd1/test_1/segments/cutting_orange_tuil_7500kbps_2160p_59.94fps_hevc.mp4,hevc,3840x2160,4.3448275862068995,0.223425012390197,1.3706763982772827,45.39210491450811,0.08131151646375656,0.02420962229371071,0.0033386648865416646
cutting_orange_tuil,Cutting orange,cutting_orange_tuil_7500kbps_2160p_59.94fps_vp9,data/video/avt_vqdb_uhd1/src_videos/cutting_orange_tuil.mkv,data/video/avt_vqdb_uhd1/test_1/segments/cutting_orange_tuil_7500kbps_2160p_59.94fps_vp9.mkv,vp9,3840x2160,4.2758620689655205,0.29013219805954804,1.3413904905319214,45.57969914491195,0.0828380212187767,0.02467074804008007,0.003942457910549517
cutting_orange_tuil,Cutting orange,cutting_orange_tuil_750kbps_360p_59.94fps_h264,data/video/avt_vqdb_uhd1/src_videos/cutting_orange_tuil.mkv,data/video/avt_vqdb_uhd1/test_1/segments/cutting_orange_tuil_750kbps_360p_59.94fps_h264.mp4,h264,640x360,2.44827586206897,0.267915238224388,2.2486865520477295,41.092225155397244,0.13801848888397217,0.04021066427230835,0.012095372891053557
cutting_orange_tuil,Cutting orange,cutting_orange_tuil_750kbps_360p_59.94fps_hevc,data/video/avt_vqdb_uhd1/src_videos/cutting_orange_tuil.mkv,data/video/avt_vqdb_uhd1/test_1/segments/cutting_orange_tuil_750kbps_360p_59.94fps_hevc.mp4,hevc,640x360,2.55172413793103,0.267915238224388,2.227914571762085,41.172832928228985,0.13187457621097565,0.0400194376707077,0.013595418771728873
cutting_orange_tuil,Cutting orange,cutting_orange_tuil_750kbps_360p_59.94fps_vp9,data/video/avt_vqdb_uhd1/src_videos/cutting_orange_tuil.mkv,data/video/avt_vqdb_uhd1/test_1/segments/cutting_orange_tuil_750kbps_360p_59.94fps_vp9.mkv,vp9,640x360,2.41379310344828,0.283879840085948,1.9772846698760986,42.209419623959775,0.11543163657188416,0.037245914340019226,0.011110688326880336
cutting_orange_tuil,Cutting orange,cutting_orange_tuil_750kbps_720p_59.94fps_h264,data/video/avt_vqdb_uhd1/src_videos/cutting_orange_tuil.mkv,data/video/avt_vqdb_uhd1/test_1/segments/cutting_orange_tuil_750kbps_720p_59.94fps_h264.mp4,h264,1280x720,2.7241379310344795,0.29013219805954804,2.26440691947937,41.0317141424114,0.1520870476961136,0.04734273999929428,0.01789832642922799
cutting_orange_tuil,Cutting orange,cutting_orange_tuil_750kbps_720p_59.94fps_hevc,data/video/avt_vqdb_uhd1/src_videos/cutting_orange_tuil.mkv,data/video/avt_vqdb_uhd1/test_1/segments/cutting_orange_tuil_750kbps_720p_59.94fps_hevc.mp4,hevc,1280x720,3.1724137931034497,0.292930066053273,2.0138139724731445,42.05041661262733,0.12845921516418457,0.03935052454471588,0.01153613293233017
cutting_orange_tuil,Cutting orange,cutting_orange_tuil_750kbps_720p_59.94fps_vp9,data/video/avt_vqdb_uhd1/src_videos/cutting_orange_tuil.mkv,data/video/avt_vqdb_uhd1/test_1/segments/cutting_orange_tuil_750kbps_720p_59.94fps_vp9.mkv,vp9,1280x720,3.3448275862069,0.32663291867321004,1.7681909799575806,43.180220193075044,0.11421603709459305,0.03779741749167442,0.011828291268708805
vegetables_tuil,Vegetables,vegetables_tuil_15000kbps_1080p_59.94fps_h264,data/video/avt_vqdb_uhd1/src_videos/vegetables_tuil.mkv,data/video/avt_vqdb_uhd1/test_1/segments/vegetables_tuil_15000kbps_1080p_59.94fps_h264.mp4,h264,1920x1080,4.37931034482759,0.24634431674484397,1.419869065284729,45.08583766251302,0.0786263570189476,0.02256941609084606,0.0028961718295856067
vegetables_tuil,Vegetables,vegetables_tuil_15000kbps_1080p_59.94fps_hevc,data/video/avt_vqdb_uhd1/src_videos/vegetables_tuil.mkv,data/video/avt_vqdb_uhd1/test_1/segments/vegetables_tuil_15000kbps_1080p_59.94fps_hevc.mp4,hevc,1920x1080,4.3448275862068995,0.27982833998948303,1.4417996406555176,44.952705349740896,0.07569202035665512,0.022596310824155807,0.0028606090927496552
vegetables_tuil,Vegetables,vegetables_tuil_15000kbps_1080p_59.94fps_vp9,data/video/avt_vqdb_uhd1/src_videos/vegetables_tuil.mkv,data/video/avt_vqdb_uhd1/test_1/segments/vegetables_tuil_15000kbps_1080p_59.94fps_vp9.mkv,vp9,1920x1080,3.96551724137931,0.32961592961735303,1.4040555953979492,45.1831175169555,0.07518253475427628,0.023239094763994217,0.0030890582323384783
vegetables_tuil,Vegetables,vegetables_tuil_15000kbps_2160p_59.94fps_h264,data/video/avt_vqdb_uhd1/src_videos/vegetables_tuil.mkv,data/video/avt_vqdb_uhd1/test_1/segments/vegetables_tuil_15000kbps_2160p_59.94fps_h264.mp4,h264,3840x2160,4.2758620689655205,0.255447156735775,1.2919780015945435,45.905701228182565,0.07762517780065536,0.02021169662475586,0.0016630170311297359
vegetables_tuil,Vegetables,vegetables_tuil_15000kbps_2160p_59.94fps_hevc,data/video/avt_vqdb_uhd1/src_videos/vegetables_tuil.mkv,data/video/avt_vqdb_uhd1/test_1/segments/vegetables_tuil_15000kbps_2160p_59.94fps_hevc.mp4,hevc,3840x2160,4.48275862068965,0.209092509245411,1.2846920490264893,45.9548228831407,0.07736360281705856,0.020892832428216934,0.0020102072157897055
vegetables_tuil,Vegetables,vegetables_tuil_15000kbps_2160p_59.94fps_vp9,data/video/avt_vqdb_uhd1/src_videos/vegetables_tuil.mkv,data/video/avt_vqdb_uhd1/test_1/segments/vegetables_tuil_15000kbps_2160p_59.94fps_vp9.mkv,vp9,3840x2160,4.48275862068965,0.23061092484047505,1.276041865348816,46.01350514304977,0.0775035172700882,0.021068843081593513,0.0020892472772781425
vegetables_tuil,Vegetables,vegetables_tuil_2000kbps_1080p_59.94fps_h264,data/video/avt_vqdb_uhd1/src_videos/vegetables_tuil.mkv,data/video/avt_vqdb_uhd1/test_1/segments/vegetables_tuil_2000kbps_1080p_59.94fps_h264.mp4,h264,1920x1080,3.6551724137931,0.296252630527573,1.7888745069503784,43.07920610812647,0.1080656349658966,0.03161904588341713,0.0055436000499563915
vegetables_tuil,Vegetables,vegetables_tuil_2000kbps_1080p_59.94fps_hevc,data/video/avt_vqdb_uhd1/src_videos/vegetables_tuil.mkv,data/video/avt_vqdb_uhd1/test_1/segments/vegetables_tuil_2000kbps_1080p_59.94fps_hevc.mp4,hevc,1920x1080,4.103448275862069,0.22488056532391396,1.662316083908081,43.71653146947394,0.0946623831987381,0.02768777869641781,0.003925446711946279
vegetables_tuil,Vegetables,vegetables_tuil_2000kbps_1080p_59.94fps_vp9,data/video/avt_vqdb_uhd1/src_videos/vegetables_tuil.mkv,data/video/avt_vqdb_uhd1/test_1/segments/vegetables_tuil_2000kbps_1080p_59.94fps_vp9.mkv,vp9,1920x1080,4.06896551724138,0.273936557193541,1.6440703868865967,43.8123954713372,0.09335093945264816,0.029143810272216797,0.005381454383799185
vegetables_tuil,Vegetables,vegetables_tuil_2000kbps_720p_59.94fps_h264,data/video/avt_vqdb_uhd1/src_videos/vegetables_tuil.mkv,data/video/avt_vqdb_uhd1/test_1/segments/vegetables_tuil_2000kbps_720p_59.94fps_h264.mp4,h264,1280x720,3.5862068965517206,0.26669466131512,1.595824122428894,44.071103097301894,0.10087712109088898,0.027953870594501495,0.003995596295377861
vegetables_tuil,Vegetables,vegetables_tuil_2000kbps_720p_59.94fps_hevc,data/video/avt_vqdb_uhd1/src_videos/vegetables_tuil.mkv,data/video/avt_vqdb_uhd1/test_1/segments/vegetables_tuil_2000kbps_720p_59.94fps_hevc.mp4,hevc,1280x720,3.89655172413793,0.263618495418809,1.470110535621643,44.78380380887514,0.09144951403141022,0.025765717029571533,0.003593772193805004
vegetables_tuil,Vegetables,vegetables_tuil_2000kbps_720p_59.94fps_vp9,data/video/avt_vqdb_uhd1/src_videos/vegetables_tuil.mkv,data/video/avt_vqdb_uhd1/test_1/segments/vegetables_tuil_2000kbps_720p_59.94fps_vp9.mkv,vp9,1280x720,3.51724137931034,0.268523446131344,1.4295791387557983,45.02663956731921,0.0888422504067421,0.02624812349677086,0.0038596301650007567
vegetables_tuil,Vegetables,vegetables_tuil_200kbps_360p_59.94fps_h264,data/video/avt_vqdb_uhd1/src_videos/vegetables_tuil.mkv,data/video/avt_vqdb_uhd1/test_1/segments/vegetables_tuil_200kbps_360p_59.94fps_h264.mp4,h264,640x360,1.89655172413793,0.34176500302556,3.598459482192993,37.00847126873169,0.20865057408809662,0.07412238419055939,0.03132048218200604
vegetables_tuil,Vegetables,vegetables_tuil_200kbps_360p_59.94fps_hevc,data/video/avt_vqdb_uhd1/src_videos/vegetables_tuil.mkv,data/video/avt_vqdb_uhd1/test_1/segments/vegetables_tuil_200kbps_360p_59.94fps_hevc.mp4,hevc,640x360,2.27586206896552,0.29013219805954804,3.457455635070801,37.35567128680518,0.19129404425621033,0.06696856021881104,0.03048482087130348
vegetables_tuil,Vegetables,vegetables_tuil_200kbps_360p_59.94fps_vp9,data/video/avt_vqdb_uhd1/src_videos/vegetables_tuil.mkv,data/video/avt_vqdb_uhd1/test_1/segments/vegetables_tuil_200kbps_360p_59.94fps_vp9.mkv,vp9,640x360,2.1724137931034497,0.276308346534697,3.042285203933716,38.466805103434815,0.17227964103221893,0.06293106079101562,0.030792748012269538
vegetables_tuil,Vegetables,vegetables_tuil_40000kbps_2160p_59.94fps_h264,data/video/avt_vqdb_uhd1/src_videos/vegetables_tuil.mkv,data/video/avt_vqdb_uhd1/test_1/segments/vegetables_tuil_40000kbps_2160p_59.94fps_h264.mp4,h264,3840x2160,4.41379310344828,0.283879840085948,1.1926616430282593,46.600458564410076,0.0717967301607132,0.018026234582066536,0.0017196380310148622
vegetables_tuil,Vegetables,vegetables_tuil_40000kbps_2160p_59.94fps_hevc,data/video/avt_vqdb_uhd1/src_videos/vegetables_tuil.mkv,data/video/avt_vqdb_uhd1/test_1/segments/vegetables_tuil_40000kbps_2160p_59.94fps_hevc.mp4,hevc,3840x2160,4.51724137931035,0.23061092484047505,1.2256534099578857,46.363450052063456,0.07271447777748108,0.01943654753267765,0.0017781022276418905
vegetables_tuil,Vegetables,vegetables_tuil_40000kbps_2160p_59.94fps_vp9,data/video/avt_vqdb_uhd1/src_videos/vegetables_tuil.mkv,data/video/avt_vqdb_uhd1/test_1/segments/vegetables_tuil_40000kbps_2160p_59.94fps_vp9.mkv,vp9,3840x2160,4.75862068965517,0.15850079244436202,1.201742172241211,46.534577569549455,0.07286245375871658,0.01946183480322361,0.0016399930997674044
vegetables_tuil,Vegetables,vegetables_tuil_7500kbps_1080p_59.94fps_h264,data/video/avt_vqdb_uhd1/src_videos/vegetables_tuil.mkv,data/video/avt_vqdb_uhd1/test_1/segments/vegetables_tuil_7500kbps_1080p_59.94fps_h264.mp4,h264,1920x1080,3.96551724137931,0.299538342438891,1.4679571390151978,44.79653610145046,0.08312453329563141,0.023795438930392265,0.0031325806048698723
vegetables_tuil,Vegetables,vegetables_tuil_7500kbps_1080p_59.94fps_hevc,data/video/avt_vqdb_uhd1/src_videos/vegetables_tuil.mkv,data/video/avt_vqdb_uhd1/test_1/segments/vegetables_tuil_7500kbps_1080p_59.94fps_hevc.mp4,hevc,1920x1080,4.24137931034483,0.286169230709577,1.4790451526641846,44.7311749596598,0.07901880145072937,0.023382801562547684,0.002969479566672817
vegetables_tuil,Vegetables,vegetables_tuil_7500kbps_1080p_59.94fps_vp9,data/video/avt_vqdb_uhd1/src_videos/vegetables_tuil.mkv,data/video/avt_vqdb_uhd1/test_1/segments/vegetables_tuil_7500kbps_1080p_59.94fps_vp9.mkv,vp9,1920x1080,4.0,0.29181413793565697,1.426390528678894,45.0460346799847,0.07844589650630951,0.02429979108273983,0.0032956342911347747
vegetables_tuil,Vegetables,vegetables_tuil_7500kbps_2160p_59.94fps_h264,data/video/avt_vqdb_uhd1/src_videos/vegetables_tuil.mkv,data/video/avt_vqdb_uhd1/test_1/segments/vegetables_tuil_7500kbps_2160p_59.94fps_h264.mp4,h264,3840x2160,4.20689655172414,0.32812781398297497,1.402192234992981,45.194652453418975,0.08870769292116165,0.024429038166999817,0.0025559912173775956
vegetables_tuil,Vegetables,vegetables_tuil_7500kbps_2160p_59.94fps_hevc,data/video/avt_vqdb_uhd1/src_videos/vegetables_tuil.mkv,data/video/avt_vqdb_uhd1/test_1/segments/vegetables_tuil_7500kbps_2160p_59.94fps_hevc.mp4,hevc,3840x2160,4.37931034482759,0.20435772538862002,1.3560614585876465,45.48521615256217,0.08234389126300812,0.022067973390221596,0.002191376018984744
vegetables_tuil,Vegetables,vegetables_tuil_7500kbps_2160p_59.94fps_vp9,data/video/avt_vqdb_uhd1/src_videos/vegetables_tuil.mkv,data/video/avt_vqdb_uhd1/test_1/segments/vegetables_tuil_7500kbps_2160p_59.94fps_vp9.mkv,vp9,3840x2160,4.51724137931035,0.25028607609896303,1.316179871559143,45.74449871236776,0.07983624935150146,0.021779656410217285,0.0023311540154888157
vegetables_tuil,Vegetables,vegetables_tuil_750kbps_360p_59.94fps_h264,data/video/avt_vqdb_uhd1/src_videos/vegetables_tuil.mkv,data/video/avt_vqdb_uhd1/test_1/segments/vegetables_tuil_750kbps_360p_59.94fps_h264.mp4,h264,640x360,3.03448275862069,0.31493640600012396,2.1124205589294434,41.63519589735505,0.12601053714752197,0.036498405039310455,0.007272749479549627
vegetables_tuil,Vegetables,vegetables_tuil_750kbps_360p_59.94fps_hevc,data/video/avt_vqdb_uhd1/src_videos/vegetables_tuil.mkv,data/video/avt_vqdb_uhd1/test_1/segments/vegetables_tuil_750kbps_360p_59.94fps_hevc.mp4,hevc,640x360,2.89655172413793,0.22488056532391396,2.0408923625946045,41.93440159925625,0.11754542589187622,0.03516225144267082,0.007762590888887644
vegetables_tuil,Vegetables,vegetables_tuil_750kbps_360p_59.94fps_vp9,data/video/avt_vqdb_uhd1/src_videos/vegetables_tuil.mkv,data/video/avt_vqdb_uhd1/test_1/segments/vegetables_tuil_750kbps_360p_59.94fps_vp9.mkv,vp9,640x360,2.86206896551724,0.287307085021855,1.8696640729904175,42.695531952303284,0.10734127461910248,0.03352724388241768,0.007193774004311611
vegetables_tuil,Vegetables,vegetables_tuil_750kbps_720p_59.94fps_h264,data/video/avt_vqdb_uhd1/src_videos/vegetables_tuil.mkv,data/video/avt_vqdb_uhd1/test_1/segments/vegetables_tuil_750kbps_720p_59.94fps_h264.mp4,h264,1280x720,2.96551724137931,0.26608227322496497,2.245206832885742,41.10567650373338,0.14240598678588867,0.043128348886966705,0.010547746904194355
vegetables_tuil,Vegetables,vegetables_tuil_750kbps_720p_59.94fps_hevc,data/video/avt_vqdb_uhd1/src_videos/vegetables_tuil.mkv,data/video/avt_vqdb_uhd1/test_1/segments/vegetables_tuil_750kbps_720p_59.94fps_hevc.mp4,hevc,1280x720,3.37931034482759,0.264853249226285,1.941015601158142,42.370223086695844,0.11913500726222992,0.0354263111948967,0.00808165924778829
vegetables_tuil,Vegetables,vegetables_tuil_750kbps_720p_59.94fps_vp9,data/video/avt_vqdb_uhd1/src_videos/vegetables_tuil.mkv,data/video/avt_vqdb_uhd1/test_1/segments/vegetables_tuil_750kbps_720p_59.94fps_vp9.mkv,vp9,1280x720,3.3448275862069,0.32663291867321004,1.8176926374435425,42.94039464644381,0.11526785045862198,0.03714665025472641,0.012276737834326923
water_netflix,Water,water_netflix_15000kbps_1080p_59.94fps_h264,data/video/avt_vqdb_uhd1/src_videos/water_netflix.mkv,data/video/avt_vqdb_uhd1/test_1/segments/water_netflix_15000kbps_1080p_59.94fps_h264.mp4,h264,1920x1080,3.62068965517241,0.313898721445996,4.023865222930908,36.037935091765654,0.23488660156726837,0.0537467822432518,0.025692817366992433
water_netflix,Water,water_netflix_15000kbps_1080p_59.94fps_hevc,data/video/avt_vqdb_uhd1/src_videos/water_netflix.mkv,data/video/avt_vqdb_uhd1/test_1/segments/water_netflix_15000kbps_1080p_59.94fps_hevc.mp4,hevc,1920x1080,4.0,0.29181413793565697,4.20292854309082,35.65976348216141,0.22916865348815918,0.05353696644306183,0.031658149091526866
water_netflix,Water,water_netflix_15000kbps_1080p_59.94fps_vp9,data/video/avt_vqdb_uhd1/src_videos/water_netflix.mkv,data/video/avt_vqdb_uhd1/test_1/segments/water_netflix_15000kbps_1080p_59.94fps_vp9.mkv,vp9,1920x1080,4.20689655172414,0.2456812083637289,3.7401278018951416,36.67307475873616,0.2154434621334076,0.04880322888493538,0.033938034321181476
water_netflix,Water,water_netflix_15000kbps_2160p_59.94fps_h264,data/video/avt_vqdb_uhd1/src_videos/water_netflix.mkv,data/video/avt_vqdb_uhd1/test_1/segments/water_netflix_15000kbps_2160p_59.94fps_h264.mp4,h264,3840x2160,2.8275862068965503,0.351645998883709,5.339933395385742,33.58008680592384,0.3261834979057312,0.08262529224157333,0.05133227468468249
water_netflix,Water,water_netflix_15000kbps_2160p_59.94fps_hevc,data/video/avt_vqdb_uhd1/src_videos/water_netflix.mkv,data/video/avt_vqdb_uhd1/test_1/segments/water_netflix_15000kbps_2160p_59.94fps_hevc.mp4,hevc,3840x2160,3.4137931034482794,0.26669466131512,4.870795249938965,34.37880613196603,0.27273696660995483,0.06829236447811127,0.04759296867996454
water_netflix,Water,water_netflix_15000kbps_2160p_59.94fps_vp9,data/video/avt_vqdb_uhd1/src_videos/water_netflix.mkv,data/video/avt_vqdb_uhd1/test_1/segments/water_netflix_15000kbps_2160p_59.94fps_vp9.mkv,vp9,3840x2160,4.0,0.322612668017864,4.2886061668396,35.4844802936976,0.2553516924381256,0.056226424872875214,0.03799414914101362
water_netflix,Water,water_netflix_2000kbps_1080p_59.94fps_h264,data/video/avt_vqdb_uhd1/src_videos/water_netflix.mkv,data/video/avt_vqdb_uhd1/test_1/segments/water_netflix_2000kbps_1080p_59.94fps_h264.mp4,h264,1920x1080,1.62068965517241,0.264853249226285,10.870465278625488,27.405840944772773,0.6067994236946106,0.17186157405376434,0.15968258741001287
water_netflix,Water,water_netflix_2000kbps_1080p_59.94fps_hevc,data/video/avt_vqdb_uhd1/src_videos/water_netflix.mkv,data/video/avt_vqdb_uhd1/test_1/segments/water_netflix_2000kbps_1080p_59.94fps_hevc.mp4,hevc,1920x1080,1.27586206896552,0.16554867849501098,11.677702903747559,26.783655168117058,0.6306306719779968,0.20140434801578522,0.2809625342488289
water_netflix,Water,water_netflix_2000kbps_1080p_59.94fps_vp9,data/video/avt_vqdb_uhd1/src_videos/water_netflix.mkv,data/video/avt_vqdb_uhd1/test_1/segments/water_netflix_2000kbps_1080p_59.94fps_vp9.mkv,vp9,1920x1080,2.51724137931034,0.31700158488872404,7.556497573852539,30.564392663747327,0.4454973042011261,0.11452008783817291,0.11931001426031192
water_netflix,Water,water_netflix_2000kbps_720p_59.94fps_h264,data/video/avt_vqdb_uhd1/src_videos/water_netflix.mkv,data/video/avt_vqdb_uhd1/test_1/segments/water_netflix_2000kbps_720p_59.94fps_h264.mp4,h264,1280x720,2.0,0.217505416406543,9.457818984985352,28.614983654410686,0.5516091585159302,0.14839431643486023,0.1401550332084298
water_netflix,Water,water_netflix_2000kbps_720p_59.94fps_hevc,data/video/avt_vqdb_uhd1/src_videos/water_netflix.mkv,data/video/avt_vqdb_uhd1/test_1/segments/water_netflix_2000kbps_720p_59.94fps_hevc.mp4,hevc,1280x720,2.0,0.30759910977174104,9.707596778869629,28.388569030818488,0.5571423768997192,0.1497686803340912,0.16946991439908743
water_netflix,Water,water_netflix_2000kbps_720p_59.94fps_vp9,data/video/avt_vqdb_uhd1/src_videos/water_netflix.mkv,data/video/avt_vqdb_uhd1/test_1/segments/water_netflix_2000kbps_720p_59.94fps_vp9.mkv,vp9,1280x720,2.68965517241379,0.293486438949735,6.840762615203857,31.428713208449494,0.4164890646934509,0.10450221598148346,0.11941819374139111
water_netflix,Water,water_netflix_200kbps_360p_59.94fps_h264,data/video/avt_vqdb_uhd1/src_videos/water_netflix.mkv,data/video/avt_vqdb_uhd1/test_1/segments/water_netflix_200kbps_360p_59.94fps_h264.mp4,h264,640x360,1.10344827586207,0.14895000826013094,16.257898330688477,23.90951554167028,0.7687743306159973,0.2844443917274475,0.39835066720843315
water_netflix,Water,water_netflix_200kbps_360p_59.94fps_hevc,data/video/avt_vqdb_uhd1/src_videos/water_netflix.mkv,data/video/avt_vqdb_uhd1/test_1/segments/water_netflix_200kbps_360p_59.94fps_hevc.mp4,hevc,640x360,1.0,0.0,19.09585952758789,22.51201938336143,0.8275822401046753,0.35338082909584045,0.5886721784869829
water_netflix,Water,water_netflix_200kbps_360p_59.94fps_vp9,data/video/avt_vqdb_uhd1/src_videos/water_netflix.mkv,data/video/avt_vqdb_uhd1/test_1/segments/water_netflix_200kbps_360p_59.94fps_vp9.mkv,vp9,640x360,1.31034482758621,0.24031047864728305,13.802154541015625,25.331865891904105,0.7035307288169861,0.24231179058551788,0.3792508927484353
water_netflix,Water,water_netflix_40000kbps_2160p_59.94fps_h264,data/video/avt_vqdb_uhd1/src_videos/water_netflix.mkv,data/video/avt_vqdb_uhd1/test_1/segments/water_netflix_40000kbps_2160p_59.94fps_h264.mp4,h264,3840x2160,3.96551724137931,0.28330460172365995,3.017073631286621,38.539085424594205,0.1684163361787796,0.04096641018986702,0.014492161571979523
water_netflix,Water,water_netflix_40000kbps_2160p_59.94fps_hevc,data/video/avt_vqdb_uhd1/src_videos/water_netflix.mkv,data/video/avt_vqdb_uhd1/test_1/segments/water_netflix_40000kbps_2160p_59.94fps_hevc.mp4,hevc,3840x2160,4.37931034482759,0.282150606696065,2.9618310928344727,38.699597849361254,0.14647501707077026,0.03516845032572746,0.014845078733439246
water_netflix,Water,water_netflix_40000kbps_2160p_59.94fps_vp9,data/video/avt_vqdb_uhd1/src_videos/water_netflix.mkv,data/video/avt_vqdb_uhd1/test_1/segments/water_netflix_40000kbps_2160p_59.94fps_vp9.mkv,vp9,3840x2160,4.48275862068965,0.25028607609896303,2.648387908935547,39.671171679338386,0.13806402683258057,0.030917717143893242,0.012427637780395647
water_netflix,Water,water_netflix_7500kbps_1080p_59.94fps_h264,data/video/avt_vqdb_uhd1/src_videos/water_netflix.mkv,data/video/avt_vqdb_uhd1/test_1/segments/water_netflix_7500kbps_1080p_59.94fps_h264.mp4,h264,1920x1080,3.24137931034483,0.269130279551883,5.724138259887695,32.97660130685052,0.34816014766693115,0.08263543993234634,0.05175691998253266
water_netflix,Water,water_netflix_7500kbps_1080p_59.94fps_hevc,data/video/avt_vqdb_uhd1/src_videos/water_netflix.mkv,data/video/avt_vqdb_uhd1/test_1/segments/water_netflix_7500kbps_1080p_59.94fps_hevc.mp4,hevc,1920x1080,3.31034482758621,0.24031047864728305,5.916492938995361,32.6895165977629,0.3433125913143158,0.08169036358594894,0.0613692159143587
water_netflix,Water,water_netflix_7500kbps_1080p_59.94fps_vp9,data/video/avt_vqdb_uhd1/src_videos/water_netflix.mkv,data/video/avt_vqdb_uhd1/test_1/segments/water_netflix_7500kbps_1080p_59.94fps_vp9.mkv,vp9,1920x1080,3.6551724137931,0.243681056700754,5.111905574798584,33.959147146684245,0.308430552482605,0.07028679549694061,0.060797465266659856
water_netflix,Water,water_netflix_7500kbps_2160p_59.94fps_h264,data/video/avt_vqdb_uhd1/src_videos/water_netflix.mkv,data/video/avt_vqdb_uhd1/test_1/segments/water_netflix_7500kbps_2160p_59.94fps_h264.mp4,h264,3840x2160,1.89655172413793,0.22488056532391396,8.206334114074707,29.847819710082582,0.48097097873687744,0.132316455245018,0.1047002316142122
water_netflix,Water,water_netflix_7500kbps_2160p_59.94fps_hevc,data/video/avt_vqdb_uhd1/src_videos/water_netflix.mkv,data/video/avt_vqdb_uhd1/test_1/segments/water_netflix_7500kbps_2160p_59.94fps_hevc.mp4,hevc,3840x2160,2.62068965517241,0.264853249226285,7.62825870513916,30.482295342518142,0.43705642223358154,0.11975300312042236,0.12428279221057892
water_netflix,Water,water_netflix_7500kbps_2160p_59.94fps_vp9,data/video/avt_vqdb_uhd1/src_videos/water_netflix.mkv,data/video/avt_vqdb_uhd1/test_1/segments/water_netflix_7500kbps_2160p_59.94fps_vp9.mkv,vp9,3840x2160,3.48275862068966,0.371936674388141,5.3659515380859375,33.537868687122455,0.3287513852119446,0.07703174650669098,0.06191161694005132
water_netflix,Water,water_netflix_750kbps_360p_59.94fps_h264,data/video/avt_vqdb_uhd1/src_videos/water_netflix.mkv,data/video/avt_vqdb_uhd1/test_1/segments/water_netflix_750kbps_360p_59.94fps_h264.mp4,h264,640x360,1.62068965517241,0.24634431674484397,11.227633476257324,27.12503907385054,0.6341662406921387,0.18460918962955475,0.2447657442341248
water_netflix,Water,water_netflix_750kbps_360p_59.94fps_hevc,data/video/avt_vqdb_uhd1/src_videos/water_netflix.mkv,data/video/avt_vqdb_uhd1/test_1/segments/water_netflix_750kbps_360p_59.94fps_hevc.mp4,hevc,640x360,1.55172413793103,0.20831085226920001,11.36336898803711,27.020661424842174,0.6286197304725647,0.18949496746063232,0.2842911792298158
water_netflix,Water,water_netflix_750kbps_360p_59.94fps_vp9,data/video/avt_vqdb_uhd1/src_videos/water_netflix.mkv,data/video/avt_vqdb_uhd1/test_1/segments/water_netflix_750kbps_360p_59.94fps_vp9.mkv,vp9,640x360,1.9655172413793105,0.26608227322496497,9.627106666564941,28.46088793378863,0.551026463508606,0.15590935945510864,0.213061494131883
water_netflix,Water,water_netflix_750kbps_720p_59.94fps_h264,data/video/avt_vqdb_uhd1/src_videos/water_netflix.mkv,data/video/avt_vqdb_uhd1/test_1/segments/water_netflix_750kbps_720p_59.94fps_h264.mp4,h264,1280x720,1.48275862068966,0.268523446131344,13.641193389892578,25.43375629028507,0.7011995315551758,0.22337038815021515,0.2541549913585186
water_netflix,Water,water_netflix_750kbps_720p_59.94fps_hevc,data/video/avt_vqdb_uhd1/src_videos/water_netflix.mkv,data/video/avt_vqdb_uhd1/test_1/segments/water_netflix_750kbps_720p_59.94fps_hevc.mp4,hevc,1280x720,1.03448275862069,0.0675849649841398,15.073067665100098,24.566770633462042,0.7486253976821899,0.2672799825668335,0.42197462171316147
water_netflix,Water,water_netflix_750kbps_720p_59.94fps_vp9,data/video/avt_vqdb_uhd1/src_videos/water_netflix.mkv,data/video/avt_vqdb_uhd1/test_1/segments/water_netflix_750kbps_720p_59.94fps_vp9.mkv,vp9,1280x720,1.8620689655172398,0.232723435442254,10.384592056274414,27.80301479720531,0.5920286774635315,0.1702277958393097,0.2270017291108767
