metric,params_M,gflops_per_pair,gpu_ms_per_pair,peak_gpu_MB,cpu_ms_per_pair,human_labels_used,pretrained_network,train_free
jld,22.056192,10.720791552,2.525739546399564,113.99755859375,29.782272991724312,0,DINOv2-S/14 (patch embed + block 1),yes
jld_full12,22.056192,118.467293184,12.249739957042038,115.43505859375,253.668243996799,0,DINOv2-S/14 (naive full 12-block observer),yes
psnr,0.0,0.0,1.4140065177343786,9.0,1.112711033783853,0,none (pyiqa classical tensor ops),yes
ssim,0.0,0.234252968,2.678551943972707,34.529296875,92.56007801741362,0,none (pyiqa classical tensor ops),yes
ms_ssim,0.0,0.303561768,5.118806497193873,34.52978515625,119.14976697880776,0,none (pyiqa classical tensor ops),yes
fsim,0.0,0.005308416,22.846897481940687,46.18798828125,60.573618044145405,0,none (pyiqa classical tensor ops),yes
vsi,0.0,0.015335424,9.872902475763112,48.650390625,39.776562014594674,0,none (pyiqa classical tensor ops),yes
gmsd,0.0,0.011403264,2.5983754894696176,18.625,7.331099011935294,0,none (pyiqa classical tensor ops),yes
mad,0.0,0.017856,247.87814100272956,649.15478515625,1721.3351769605651,0,none (pyiqa classical tensor ops),yes
nlpd,0.0,0.049952464,15.560497005935758,21.60009765625,27.145628002472222,0,none (pyiqa classical tensor ops),yes
vif,0.0,1.729021872,53.98199800401926,54.83642578125,126.61413103342056,0,none (pyiqa classical tensor ops),yes
lpips_vgg,14.71616,240.582918144,10.914095502812415,532.2646484375,418.4992600930855,484000,ImageNet VGG-16 + LPIPS linear heads,no
lpips_alex,2.470848,10.861507584,3.676026011817157,63.02294921875,34.0727650327608,484000,ImageNet AlexNet + LPIPS linear heads,no
dists,14.717638,240.747282432,9.936597023624929,340.6953125,415.02451710402966,484000,ImageNet VGG-16 + DISTS weights,no
pieapp,68.37658,385.679253504,16.537297051399946,1005.51123046875,797.0107579603791,2300000,PieAPP CNN,no
deepdc,20.024384,326.356697088,16.072013997472823,325.15478515625,509.5683719264344,0,ImageNet VGG-19,yes
dreamsim,265.990656,212.154212352,51.26894399290904,1041.8583984375,549.6234609745443,20000,DINO-ViT-B/16 + CLIP-ViT-B/16 + OpenCLIP-ViT-B/32,no
deepwsd,14.714688,60.189179904,13.5155440075323,709.29443359375,442.63165502343327,0,ImageNet VGG-16,yes
lasi,0.0,0.339738624,377.6092884945683,2683.68896484375,13554.450307041408,0,none,yes
iem,22.100405,4999.11643136,725.7345230318606,5434.16259765625,22766.52321300935,0,ImageNet-1k HDiT denoiser,no
