dataset,metric,resolution,srcc,n,seconds,config_hash,git_commit
csiq,DISTS,256,0.9436716585197727,866,225.6977157001384,cda85151be,9f80ae2
csiq,DISTS,384,0.9452546265063132,866,242.65874535404143,cda85151be,9f80ae2
csiq,DISTS,512,0.9354404485597626,866,275.7367623170139,cda85151be,9f80ae2
csiq,DISTS,native,0.9295817227940232,866,308.51877468882594,cda85151be,9f80ae2
csiq,DeepDC,256,0.9530593118048818,866,371.3434153156122,cda85151be,9f80ae2
csiq,DeepDC,384,0.9422251144255744,866,438.4270369937876,cda85151be,9f80ae2
csiq,DeepDC,512,0.9263066994422752,866,559.520591057837,cda85151be,9f80ae2
csiq,DeepDC,native,0.918051880296464,866,686.7031915886328,cda85151be,9f80ae2
csiq,FSIM,256,0.9272350784878054,866,199.80893408169504,cda85151be,9f80ae2
csiq,FSIM,384,0.9151924249901632,866,210.89240540913303,cda85151be,9f80ae2
csiq,FSIM,512,0.929693840377653,866,222.21513666317333,cda85151be,9f80ae2
csiq,FSIM,native,0.9311301618311916,866,233.003397997818,cda85151be,9f80ae2
csiq,GMSD,256,0.9144897684990848,866,54.82163530227263,cda85151be,9f80ae2
csiq,GMSD,384,0.947995945770528,866,60.8561433989089,cda85151be,9f80ae2
csiq,GMSD,512,0.9562311652090564,866,63.244794039055705,cda85151be,9f80ae2
csiq,GMSD,native,0.9574154487590816,866,65.626746632508,cda85151be,9f80ae2
csiq,JLD,256,0.9234223785237252,866,0.0,cda85151be,9f80ae2
csiq,JLD,384,0.9526436057783532,866,0.0,cda85151be,9f80ae2
csiq,JLD,512,0.9583547568670242,866,0.0,cda85151be,9f80ae2
csiq,JLD,native,0.9562379646933636,866,0.0,cda85151be,9f80ae2
csiq,JLD reference,256,0.9242961307340544,866,0.0,cda85151be,9f80ae2
csiq,JLD reference,384,0.9530798906240128,866,0.0,cda85151be,9f80ae2
csiq,JLD reference,512,0.957927461013526,866,0.0,cda85151be,9f80ae2
csiq,JLD reference,native,0.955594369483774,866,0.0,cda85151be,9f80ae2
csiq,LPIPS-Alex,256,0.9478578035302496,866,30.497846205485985,cda85151be,9f80ae2
csiq,LPIPS-Alex,384,0.9490414175295055,866,33.47940973727964,cda85151be,9f80ae2
csiq,LPIPS-Alex,512,0.9310228488677844,866,37.08942262060009,cda85151be,9f80ae2
csiq,LPIPS-Alex,native,0.9238977881194402,866,40.74169507611077,cda85151be,9f80ae2
csiq,LPIPS-VGG,256,0.9268607465521512,866,213.0847558940295,cda85151be,9f80ae2
csiq,LPIPS-VGG,384,0.912438569176757,866,227.98934858338907,cda85151be,9f80ae2
csiq,LPIPS-VGG,512,0.891032831781137,866,256.17243278224487,cda85151be,9f80ae2
csiq,LPIPS-VGG,native,0.8822433301967172,866,285.8725710128201,cda85151be,9f80ae2
csiq,MAD,256,0.9228472283976956,866,2080.063559280825,cda85151be,9f80ae2
csiq,MAD,384,0.9472676015819056,866,2313.2573258014163,cda85151be,9f80ae2
csiq,MAD,512,0.9404984937502509,866,2679.4321456199978,cda85151be,9f80ae2
csiq,MAD,native,0.9341890478174936,866,2990.8624824391445,cda85151be,9f80ae2
csiq,MS-SSIM,256,0.8573952748000035,866,81.00351464375854,cda85151be,9f80ae2
csiq,MS-SSIM,384,0.8968705031654418,866,91.34577300585806,cda85151be,9f80ae2
csiq,MS-SSIM,512,0.9120780764088908,866,96.48301919468211,cda85151be,9f80ae2
csiq,MS-SSIM,native,0.9121666082813302,866,101.07427445810754,cda85151be,9f80ae2
csiq,NLPD,256,0.9029498241571136,866,241.0241090329364,cda85151be,9f80ae2
csiq,NLPD,384,0.9328029600076784,866,267.5686075662961,cda85151be,9f80ae2
csiq,NLPD,512,0.9390176424722692,866,296.72686203639023,cda85151be,9f80ae2
csiq,NLPD,native,0.9363139143787688,866,328.0450890074717,cda85151be,9f80ae2
csiq,PSNR,256,0.8285745704294142,866,12.966927450732328,cda85151be,9f80ae2
csiq,PSNR,384,0.8414690902972718,866,14.367724009091036,cda85151be,9f80ae2
csiq,PSNR,512,0.8461543229989517,866,15.817083136294968,cda85151be,9f80ae2
csiq,PSNR,native,0.8063896269136819,866,16.9734516821336,cda85151be,9f80ae2
csiq,PieAPP,256,0.7666882233107329,866,218.3813491910696,cda85151be,9f80ae2
csiq,PieAPP,384,0.7895143785211756,866,255.48823601799089,cda85151be,9f80ae2
csiq,PieAPP,512,0.8107105199158674,866,330.5034897479927,cda85151be,9f80ae2
csiq,PieAPP,native,0.8119217464719338,866,411.6803144662408,cda85151be,9f80ae2
csiq,SSIM,256,0.8720625015249184,866,48.47581639245618,cda85151be,9f80ae2
csiq,SSIM,384,0.870845255257491,866,54.897791079944,cda85151be,9f80ae2
csiq,SSIM,512,0.8505346967568114,866,59.31837994290981,cda85151be,9f80ae2
csiq,SSIM,native,0.8371818121961555,866,62.11392197373789,cda85151be,9f80ae2
csiq,VIF,256,0.7469114705203138,866,1123.6495472722454,cda85151be,9f80ae2
csiq,VIF,384,0.7423260862069309,866,1222.3204454426889,cda85151be,9f80ae2
csiq,VIF,512,0.7216160192608966,866,1361.7061327378033,cda85151be,9f80ae2
csiq,VIF,native,0.7214069095318741,866,1529.1444321842864,cda85151be,9f80ae2
csiq,VSI,256,0.9391266467050684,866,125.10998963844033,cda85151be,9f80ae2
csiq,VSI,384,0.9249733538279892,866,138.71341045026202,cda85151be,9f80ae2
csiq,VSI,512,0.9408641089525716,866,145.13364323833957,cda85151be,9f80ae2
csiq,VSI,native,0.9395535175907972,866,151.8482173606753,cda85151be,9f80ae2
tid2013,DISTS,256,0.8154063958983903,3000,1.057063495973125,cda85151be,9f80ae2
tid2013,DISTS,384,0.7419943347995053,3000,1.057063495973125,cda85151be,9f80ae2
tid2013,DISTS,512,0.7165419027803827,3000,139.1799731486244,cda85151be,9f80ae2
tid2013,DISTS,native,0.7079826345721292,3000,215.852207873133,cda85151be,9f80ae2
tid2013,DeepDC,256,0.8056685553606558,3000,1.497168785892427,cda85151be,9f80ae2
tid2013,DeepDC,384,0.7245560845486826,3000,1.497168785892427,cda85151be,9f80ae2
tid2013,DeepDC,512,0.6945171756795814,3000,1000.3696985940916,cda85151be,9f80ae2
tid2013,DeepDC,native,0.7016004269621741,3000,339.0517980712466,cda85151be,9f80ae2
tid2013,FSIM,256,0.8248028086103594,3000,25.40229216928128,cda85151be,9f80ae2
tid2013,FSIM,384,0.8476962169243603,3000,43.54219179274514,cda85151be,9f80ae2
tid2013,FSIM,512,0.8257861737524932,3000,62.93845861579757,cda85151be,9f80ae2
tid2013,FSIM,native,0.7371181272527967,3000,185.49716825585347,cda85151be,9f80ae2
tid2013,GMSD,256,0.7735715957026408,3000,3.6929822305683047,cda85151be,9f80ae2
tid2013,GMSD,384,0.7999475442003674,3000,11.288509920355864,cda85151be,9f80ae2
tid2013,GMSD,512,0.8042465019004198,3000,27.17386117565912,cda85151be,9f80ae2
tid2013,GMSD,native,0.8023396741373631,3000,49.20665364002343,cda85151be,9f80ae2
tid2013,JLD,256,0.85021434469592,3000,0.0,cda85151be,9f80ae2
tid2013,JLD,384,0.860450154849735,3000,0.0,cda85151be,9f80ae2
tid2013,JLD,512,0.845192029407482,3000,0.0,cda85151be,9f80ae2
tid2013,JLD,native,0.8571842109104165,3000,0.0,cda85151be,9f80ae2
tid2013,JLD reference,256,0.8482937358984468,3000,0.0,cda85151be,9f80ae2
tid2013,JLD reference,384,0.8572122762795115,3000,0.0,cda85151be,9f80ae2
tid2013,JLD reference,512,0.8417050020753432,3000,0.0,cda85151be,9f80ae2
tid2013,JLD reference,native,0.8533372101032952,3000,0.0,cda85151be,9f80ae2
tid2013,LPIPS-Alex,256,0.8243789226647225,3000,0.7130933019798249,cda85151be,9f80ae2
tid2013,LPIPS-Alex,384,0.7565447762288999,3000,0.7130933019798249,cda85151be,9f80ae2
tid2013,LPIPS-Alex,512,0.6972823931598588,3000,15.55777240288444,cda85151be,9f80ae2
tid2013,LPIPS-Alex,native,0.7477755648327478,3000,27.437615636503324,cda85151be,9f80ae2
tid2013,LPIPS-VGG,256,0.7571163529572159,3000,2.1684978959383443,cda85151be,9f80ae2
tid2013,LPIPS-VGG,384,0.6850847091728461,3000,2.1684978959383443,cda85151be,9f80ae2
tid2013,LPIPS-VGG,512,0.6611780191548388,3000,128.78665448445827,cda85151be,9f80ae2
tid2013,LPIPS-VGG,native,0.6683270329309424,3000,203.73427021782845,cda85151be,9f80ae2
tid2013,MAD,256,0.8078479571447429,3000,153.81883636466227,cda85151be,9f80ae2
tid2013,MAD,384,0.7728206552639892,3000,524.8489810010651,cda85151be,9f80ae2
tid2013,MAD,512,0.7434966569061516,3000,1061.7469389641192,cda85151be,9f80ae2
tid2013,MAD,native,0.749337205738568,3000,1917.437570043141,cda85151be,9f80ae2
tid2013,MS-SSIM,256,0.7702018325199227,3000,6.632511727977544,cda85151be,9f80ae2
tid2013,MS-SSIM,384,0.7853006044257903,3000,17.278997127665207,cda85151be,9f80ae2
tid2013,MS-SSIM,512,0.7790727078233951,3000,37.52474965760484,cda85151be,9f80ae2
tid2013,MS-SSIM,native,0.7843882432632386,3000,71.7780296949204,cda85151be,9f80ae2
tid2013,NLPD,256,0.7867242697954129,3000,0.7069869980914518,cda85151be,9f80ae2
tid2013,NLPD,384,0.7929694275309136,3000,0.9691524689551444,cda85151be,9f80ae2
tid2013,NLPD,512,0.7869069578059757,3000,110.06434447690845,cda85151be,9f80ae2
tid2013,NLPD,native,0.7908441539339524,3000,217.67178422724828,cda85151be,9f80ae2
tid2013,PSNR,256,0.712205686921262,3000,3.020085512660444,cda85151be,9f80ae2
tid2013,PSNR,384,0.7123846064825986,3000,6.584752573049627,cda85151be,9f80ae2
tid2013,PSNR,512,0.7125064396378546,3000,7.371593397925608,cda85151be,9f80ae2
tid2013,PSNR,native,0.6859775482820675,3000,11.859577127266675,cda85151be,9f80ae2
tid2013,PieAPP,256,0.6182773344898039,3000,1.8335546220187096,cda85151be,9f80ae2
tid2013,PieAPP,384,0.6542395274974581,3000,1.8335546220187096,cda85151be,9f80ae2
tid2013,PieAPP,512,0.6996745915413861,3000,334.2593761541648,cda85151be,9f80ae2
tid2013,PieAPP,native,0.6045961381680214,3000,199.18511767545715,cda85151be,9f80ae2
tid2013,SSIM,256,0.7268550466197887,3000,4.4135372180026025,cda85151be,9f80ae2
tid2013,SSIM,384,0.6631994108416533,3000,11.777403708081692,cda85151be,9f80ae2
tid2013,SSIM,512,0.6412563906591324,3000,23.192793743684888,cda85151be,9f80ae2
tid2013,SSIM,native,0.6281473848442259,3000,43.06590016791597,cda85151be,9f80ae2
tid2013,VIF,256,0.6792228457831798,3000,780.2374337243382,cda85151be,9f80ae2
tid2013,VIF,384,0.6328331972657093,3000,763.8854252969613,cda85151be,9f80ae2
tid2013,VIF,512,0.591756010300476,3000,580.3551255636849,cda85151be,9f80ae2
tid2013,VIF,native,0.6336985088735827,3000,1062.5398862782167,cda85151be,9f80ae2
tid2013,VSI,256,0.8871841304703343,3000,10.509852317161858,cda85151be,9f80ae2
tid2013,VSI,384,0.8918013099092056,3000,26.697549133677967,cda85151be,9f80ae2
tid2013,VSI,512,0.8881658868324218,3000,58.286062075058,cda85151be,9f80ae2
tid2013,VSI,native,0.812016555578978,3000,111.53286691568792,cda85151be,9f80ae2
