,tid2013,csiq,live,kadid10k_test,pipal_public,pipal_val
psnr,0.6869111186179578,0.8086909105297525,0.872970661502979,0.6730671670055804,0.4065588325852111,0.2547583467583468
ssim,0.6269215690600412,0.8366574573995449,0.9102790599554298,0.6212832943376392,0.5040878042768576,0.3634878394878395
ms_ssim,0.7859331139143848,0.9131442004422196,0.9508257413297416,0.825911654586731,0.5621279738168996,0.4906342546342547
fsim,0.8509237604556346,0.9308888220293462,0.9646174453827938,0.8525771834733207,0.589449588188634,0.46784999525354526
vsi,0.8949480473399499,0.9397328817046876,0.9489654338574829,0.8763342263535929,0.5393885389495199,0.4499776513275843
gmsd,0.8043827011850794,0.95696941737002,0.9602495815006324,0.8486989796577927,0.5834694530664671,0.5847956727956728
mad,0.7425543736926581,0.92976359052238,0.9514382961446844,0.7305329264350174,,0.6652233412233413
nlpd,0.7993513266405812,0.9366452783775855,0.9366972283652567,0.8112403472101343,0.48238789308984314,0.37020814620814624
vif,0.6770088117712416,0.9194387398937007,0.9635928803467989,0.6845161554064922,,0.5033299673299674
deepwsd,0.8552530065285766,0.9589637541571434,0.9550590482305559,0.8817277468423692,0.5614571703541379,0.46049852849852846
deepdc,0.816085021125814,0.9536247776165595,0.9503388908554229,0.8996447545161771,0.6541756707573695,0.7511368991368992
lpips_vgg,0.6695960547701812,0.8830028532982714,0.9318494120383872,0.7238198259209079,0.5731800034718249,0.6123784083784084
lpips_alex,0.7444997455475127,0.9232789334247619,0.9234846157065172,0.824029165233675,,0.619873543873544
dists,0.8178180388400073,0.9427767318284221,0.9535764376250466,0.8853784949063407,0.6150739555566049,0.70394017994018
pieapp,0.8437660024619354,0.8968451251988768,0.9182120141542843,0.8643840757697688,,0.7062682782682783
dreamsim,0.8119637299627569,0.9114138879209581,0.9099194368953291,0.8505368950786634,,0.7589268029268029
lasi,0.5216480838070444,0.8400458639998005,0.8825029952828819,0.7231234797209626,0.5143881289762643,0.5811168411168411
iem,0.8103680917006899,0.9174106366457856,0.922002995098844,0.8206601110745053,,0.1821652186434983
jld,0.8571842109104165,0.9562379646933636,0.9421814863779342,0.8661029743022443,0.5874647591413491,0.5745096465096465
jld_v2,0.8745150738826878,0.9558676422362274,0.9448069352546935,0.8704005316941635,0.5921956370464981,0.578056178056178
jld_v2p,0.8767106009025009,0.9708250295632062,0.9638385267329496,0.8916927527531087,0.6032585606441907,0.6242270522270523
jld_lin,0.8257955933587657,0.9052186162157003,0.910130306434417,0.8086084023995224,0.46810659083546524,0.3441729921729922
iem_n,,,,2032.0,,250.0
