metric,observer,report,layer,k,SRCC,KRCC,PLCC,within_source_SRCC,ci_lo,ci_hi
lens,videomae_b_k400,logits,1.0,16.0,0.7603019931557135,0.5711047961955114,0.8252590613950606,0.9706293706293708,0.6501958242109303,0.8825357300437785
lens,videomae_b_k400,logits,1.0,32.0,0.7404591964398852,0.5530431145037552,0.8088141677276064,0.9709790209790212,0.6254443244514705,0.8730639273207333
lens,videomae_b_k400,logits,1.0,64.0,0.7173120881682332,0.5328196099068081,0.7833343409154125,0.9741258741258744,0.5958804207346394,0.8595460768795007
lens,videomae_b_k400,logits,1.0,128.0,0.6708689974802232,0.4886765809072649,0.7438877615608626,0.9706293706293707,0.5476022640161274,0.8201088234802015
pca,videomae_b_k400,logits,1.0,64.0,0.6381418596985036,0.44892693394085165,0.6909881959513715,0.9695804195804196,0.519086300255515,0.7944206237422049
full,videomae_b_k400,logits,1.0,768.0,0.5651449168268932,0.389511672159476,0.6363723748889575,0.9678321678321679,0.44597721176248767,0.7239628705876964
lens,videomae_b_k400,logits,2.0,16.0,0.7857442806612019,0.5908401472332219,0.8291845885408156,0.9671328671328672,0.7000089418164331,0.8795029908750932
lens,videomae_b_k400,logits,2.0,32.0,0.7671510718830089,0.5739639813281833,0.8163297430888741,0.9671328671328674,0.672277831917115,0.8743445324534836
lens,videomae_b_k400,logits,2.0,64.0,0.7462731007207549,0.5544378389587171,0.7971729990652636,0.9685314685314687,0.646134698415799,0.8637517667022584
lens,videomae_b_k400,logits,2.0,128.0,0.7341865167334928,0.5452326575559687,0.7921200519051732,0.9674825174825177,0.6248214641740967,0.8634197235134401
pca,videomae_b_k400,logits,2.0,64.0,0.770908950439468,0.5906309385649775,0.8354202124733789,0.9650349650349652,0.6430109780947036,0.9019488492621512
full,videomae_b_k400,logits,2.0,768.0,0.710357104801555,0.5296814798831438,0.7898292101126241,0.9671328671328672,0.5748157993324878,0.8647488836866234
lens,videomae_b_ssl,mean_final_tokens,1.0,16.0,0.7546174314262212,0.5725692568732214,0.8245225677214575,0.9713286713286715,0.6315278979121325,0.889825209725656
lens,videomae_b_ssl,mean_final_tokens,1.0,32.0,0.7181567210708515,0.5341445981390219,0.787723679738592,0.9706293706293708,0.5901474327683679,0.866791903373538
lens,videomae_b_ssl,mean_final_tokens,1.0,64.0,0.6680846603423523,0.4818424310779517,0.7468061876042162,0.9688811188811188,0.5440235054351775,0.822436867978398
lens,videomae_b_ssl,mean_final_tokens,1.0,128.0,0.6326109465031976,0.4473927370403936,0.7092485473082955,0.9681818181818184,0.5130045830053388,0.7819355095746843
pca,videomae_b_ssl,mean_final_tokens,1.0,64.0,0.5660954543688943,0.3877682665907737,0.6133634366037111,0.9685314685314685,0.45393873595953493,0.7277953689796567
full,videomae_b_ssl,mean_final_tokens,1.0,768.0,0.5343227604478415,0.3621750728422234,0.5962680602354695,0.9671328671328672,0.42461706009639116,0.6911929037217659
lens,videomae_b_ssl,mean_final_tokens,2.0,16.0,0.7864730261100693,0.5902822574512371,0.8268667340200542,0.9692307692307693,0.6931356243738988,0.8857240300226238
lens,videomae_b_ssl,mean_final_tokens,2.0,32.0,0.7607972275554501,0.5685245559538319,0.8119141278843481,0.9681818181818181,0.6546139218046848,0.8755024472454348
lens,videomae_b_ssl,mean_final_tokens,2.0,64.0,0.7425629660590994,0.5578549138733736,0.8066323868512791,0.9664335664335665,0.619699468646141,0.8780441816428063
lens,videomae_b_ssl,mean_final_tokens,2.0,128.0,0.7238048238261302,0.5446050315512359,0.8030162122928451,0.9681818181818181,0.5849272429005297,0.8735081295550184
pca,videomae_b_ssl,mean_final_tokens,2.0,64.0,0.7143246224597432,0.5250091529590216,0.7803752794473966,0.9674825174825177,0.5789558014053682,0.858659475639441
full,videomae_b_ssl,mean_final_tokens,2.0,768.0,0.666519094628198,0.4804477066229899,0.7476976306138695,0.9685314685314687,0.531621805940598,0.8205300205409142
lens,vjepa2_l_predictor,predictor_seed0_half_mask,1.0,16.0,0.6593640209387516,0.4615491902582566,0.6993718679610301,0.9664335664335664,0.5582687937506648,0.7846821601645049
lens,vjepa2_l_predictor,predictor_seed0_half_mask,1.0,32.0,0.6197691409072222,0.4286336931211565,0.6542619963408453,0.9678321678321676,0.5214084938367468,0.7537932492166802
lens,vjepa2_l_predictor,predictor_seed0_half_mask,1.0,64.0,0.6084464592368194,0.41761536992695775,0.6422889287611601,0.9674825174825175,0.5123406365557233,0.7454725546710663
lens,vjepa2_l_predictor,predictor_seed0_half_mask,1.0,128.0,0.5995969113172486,0.40966544053367504,0.641779083588693,0.9667832167832169,0.5022375493538429,0.7378675849024834
pca,vjepa2_l_predictor,predictor_seed0_half_mask,1.0,64.0,0.6818349020458201,0.4824003208599365,0.7258386343423466,0.9688811188811188,0.5716039477661156,0.8136544720644829
full,vjepa2_l_predictor,predictor_seed0_half_mask,1.0,1024.0,0.5839468966360005,0.3994839520124534,0.6301881243722188,0.9681818181818181,0.4852579772258229,0.7252984123565165
lens,vjepa2_l_predictor,predictor_seed0_half_mask,2.0,16.0,0.7154839310326586,0.5176171133477236,0.7696534712377628,0.9678321678321679,0.6043964081379976,0.8486795325360573
lens,vjepa2_l_predictor,predictor_seed0_half_mask,2.0,32.0,0.6905338396790557,0.4907686675897077,0.7342071436886966,0.9678321678321679,0.5841143185718705,0.8247574020946775
lens,vjepa2_l_predictor,predictor_seed0_half_mask,2.0,64.0,0.6666119782053617,0.46691887940985977,0.7042873825958955,0.9671328671328672,0.5646814240185631,0.7985851327996907
lens,vjepa2_l_predictor,predictor_seed0_half_mask,2.0,128.0,0.6449523092745487,0.44578880391718745,0.6839552429622546,0.9667832167832169,0.5456594529509547,0.7753011238435725
pca,vjepa2_l_predictor,predictor_seed0_half_mask,2.0,64.0,0.7132820694113932,0.5167802786747466,0.7601284087443354,0.9720279720279722,0.6036595715922383,0.8424507781553816
full,vjepa2_l_predictor,predictor_seed0_half_mask,2.0,1024.0,0.6364751637344468,0.44244146522527894,0.6751118337292673,0.9702797202797203,0.5354185330440122,0.7724670209498091
lens,vjepa2_l,mean_final_tokens,1.0,32.0,0.6155937202889344,0.42584424421123274,0.6494893745260006,0.9664335664335664,0.5188254678349965,0.7499212037592856
lens,vjepa2_l,mean_final_tokens,1.0,64.0,0.6075345508460686,0.4169877439222249,0.6418683034808004,0.9678321678321679,0.5109282990993254,0.74436271104143
lens,vjepa2_l,mean_final_tokens,1.0,128.0,0.5986936836346438,0.40903781452894217,0.6409448566852639,0.9667832167832169,0.5027221501755657,0.7376978399149452
lens,vjepa2_l,mean_final_tokens,2.0,32.0,0.683864451610385,0.48414372642863884,0.7238493425766023,0.9667832167832169,0.5765969320311529,0.8189293797034544
lens,vjepa2_l,mean_final_tokens,2.0,64.0,0.661813716777589,0.46315312338146275,0.6989291563378492,0.9667832167832169,0.5608969775064462,0.7953695473485832
lens,vjepa2_l,mean_final_tokens,2.0,128.0,0.6429678993923438,0.44439407946222553,0.6821483930188375,0.9667832167832169,0.545159186363775,0.7738169285836904
pca,vjepa2_l,mean_final_tokens,1.0,64.0,0.6818349020458201,0.4824003208599365,0.7258386330177653,0.9688811188811188,0.5716039477661156,0.8136544720644829
pca,vjepa2_l,mean_final_tokens,2.0,64.0,0.7132820694113932,0.5167802786747466,0.7601284087445992,0.9720279720279722,0.6036595715922383,0.8424507781553816
full,vjepa2_l,mean_final_tokens,1.0,1024.0,0.5839468966360005,0.3994839520124534,0.6304693195954169,0.9681818181818181,0.4852579772258229,0.7252984123565165
full,vjepa2_l,mean_final_tokens,2.0,1024.0,0.6364751637344468,0.44244146522527894,0.6751118337296249,0.9702797202797203,0.5354185330440122,0.7724670209498091
psnr,piq,frame_mean,,,0.5618306224567012,0.3876985303680256,0.6147646504144875,0.9681818181818181,0.4615509059159991,0.7120379791672815
ssim,piq,frame_mean,,,0.6058830461212676,0.4272389686661946,0.6630448457363456,0.9678321678321679,0.47868770891162027,0.776598004995981
ms_ssim,piq,frame_mean,,,0.6944809576731004,0.5099461288454334,0.7733906889060855,0.966783216783217,0.5683827450848873,0.8421021448140098
lens,dinov2_s14,both,1.0,64.0,0.7104326269624263,0.5227078576083345,0.7709911120674511,0.9688811188811188,0.5852626891124278,0.8535576592113311
vmaf,ffmpeg_libvmaf,full_video,,,0.6106005769632813,0.4367928311826834,0.6766753908127084,0.8342657342657345,0.5333806012769909,0.7143926780973305
